id,name,model_id:id,group_id:id,perm_read,perm_write,perm_create,perm_unlink
access_academic_year_admin,academic.year,model_academic_year,group_school_administration,1,1,1,1
access_standard_medium_admin,standard.medium,model_standard_medium,group_school_administration,1,1,1,1
access_standard_division_admin,standard.division,model_standard_division,group_school_administration,1,1,1,1
access_subject_subject_admin,subject.subject,model_subject_subject,group_school_administration,1,1,1,1
access_standard_standard_admin,standard.standard,model_standard_standard,group_school_administration,1,1,1,1
access_school_standard_admin,school.standard,model_school_standard,group_school_administration,1,1,1,1
access_student_student_admin,school.students,model_school_students,group_school_administration,1,1,1,1
access_hr_employee_admin,school.teacher,model_school_teacher,group_school_administration,1,1,1,1
access_res_partner_admin,school.parent,model_school_parent,group_school_administration,1,1,1,1
access_mother_toungue_admin,mother.toungue,model_mother_toungue,group_school_administration,1,1,1,1
access_academic_subject_admin,subject.subject,model_subject_subject,group_school_administration,1,1,1,1
access_grade_master_admin,grade.master,model_grade_master,group_school_administration,1,1,1,1
access_grade_line_admin,grade.lines,model_grade_lines,group_school_administration,1,1,1,1
access_res_users_admin,res.users,base.model_res_users,group_school_administration,1,1,1,1
access_standard_medium_student,standard.medium,model_standard_medium,group_school_student,1,0,0,0
access_subject_subject_student,subject.subject,model_subject_subject,group_school_student,1,0,0,0
access_hr_employee_student,school.teacher,model_school_teacher,group_school_student,1,0,0,0
access_mother_toungue_student,mother.toungue,model_mother_toungue,group_school_student,1,0,0,0
access_res_partner_student,school.parent,model_school_parent,group_school_student,1,0,0,0
access_academic_subject_student,subject.subject,model_subject_subject,group_school_student,1,0,0,0
access_student_student_user,school.students,model_school_students,group_school_student,1,0,0,0
access_academic_year_student,academic.year,model_academic_year,group_school_student,1,0,0,0
access_grade_master_sudent,grade.master,model_grade_master,group_school_student,1,0,0,0
access_standard_division_student,standard.division,model_standard_division,group_school_student,1,0,0,0
access_standard_standard_student,standard.standard,model_standard_standard,group_school_student,1,0,0,0
access_grade_line_student,grade.lines,model_grade_lines,group_school_student,1,0,0,0
access_school_standard_user_student,school.standard,model_school_standard,group_school_student,1,0,0,0
access_academic_year_teacher,academic.year,model_academic_year,group_school_teacher,1,0,0,0
access_standard_medium_teacher,standard.medium,model_standard_medium,group_school_teacher,1,1,1,0
access_standard_division_teacher,standard.division,model_standard_division,group_school_teacher,1,1,1,0
access_subject_subject_teacher,subject.subject,model_subject_subject,group_school_teacher,1,0,0,0
access_standard_standard_teacher,standard.standard,model_standard_standard,group_school_teacher,1,1,1,0
access_school_standard_teacher,school.standard,model_school_standard,group_school_teacher,1,0,0,0
access_student_student_teacher,school.students,model_school_students,group_school_teacher,1,1,0,0
access_hr_employee_teacher,school.teacher,model_school_teacher,group_school_teacher,1,1,0,0
access_mother_toungue_teacher,mother.toungue,model_mother_toungue,group_school_teacher,1,0,0,0
access_res_partner_teacher,school.parent,model_school_parent,group_school_teacher,1,0,0,0
access_academic_subject_teacher,subject.subject,model_subject_subject,group_school_teacher,1,1,1,0
access_grade_master_teacher,grade.master,model_grade_master,group_school_teacher,1,1,1,0
access_grade_line_teacher,grade.lines,model_grade_lines,group_school_teacher,1,1,1,0
access_resource_resource_teacher,resource.resource,resource.model_resource_resource,group_school_teacher,1,1,0,0
access_res_users_teacher,res.users,base.model_res_users,group_school_teacher,1,1,0,0
access_parent_relation_admin,parent.relation,model_parent_relation,group_school_administration,1,1,1,1
access_parent_relation_student,parent.relation,model_parent_relation,group_school_student,1,0,0,0
access_parent_relation_teacher_grp,parent.relation,model_parent_relation,group_school_teacher,1,0,0,0
access_account_teacher_grp,account.invoice,account.model_account_invoice,group_school_teacher,1,0,0,0
access_account_student_grp,account.invoice,account.model_account_invoice,group_school_student,1,0,0,0
