<?xml version="1.0" encoding="utf-8"?>

<odoo>
    <data noupdate="0">

        <record id="module_category_school" model="ir.module.category">
            <field name="name">School Management</field>
            <field name="sequence">22</field>
        </record>

        <record id="group_school_administration" model="res.groups">
            <field name="name">School Administrator</field>
            <field name="category_id" ref="module_category_school"/>
            <field name="users" eval="[(4, ref('base.user_root'))]"/>
        </record>

        <record id="group_school_teacher" model="res.groups">
            <field name="name">School Teacher</field>
            <field name="category_id" ref="module_category_school"/>
        </record>

        <record id="group_school_student" model="res.groups">
            <field name="name">School Student</field>
            <field name="category_id" ref="module_category_school"/>
        </record>

        <!-- Rule For Creating Personal School Record As A Teacher, Student & Parent-->

        <record id="rule_personal_school_record" model="ir.rule">
            <field name="name">Rule Personal School Record</field>
            <field name="model_id" ref="base.model_res_company"/>
            <field name="domain_force">['|','|',('child_ids', 'child_of', [user.company_id.id]),('id', 'child_of', [user.company_id.id]),('id', '=', False)]</field>
            <field name="groups" eval="[(4, ref('group_school_teacher')),(4, ref('group_school_student'))]"/>
        </record>

        <!-- Rule For Student Profile Record As A Student -->

        <record id="rule_student_profile_record_as_student" model="ir.rule">
            <field name="name">Rule Student Profile Record As A Student</field>
            <field name="model_id" ref="model_school_students"/>
            <field name="global" eval="True"/>
            <field name="domain_force">[('user_id','=',user.id)]</field>
            <field name="groups" eval="[(4, ref('group_school_student'))]"/>
        </record>

        <!-- Rule For Student Record As An Administrator -->

        <record id="rule_student_profile_record_as_admin" model="ir.rule">
            <field name="name">Rule Student Profile Record As An Administrator</field>
            <field name="model_id" ref="model_school_students"/>
            <field name="global" eval="True"/>
            <field name="domain_force"> ['|','|',('school_id.child_ids','child_of',[user.company_id.id]),('school_id','child_of',[user.company_id.id]),('school_id','in',False)]</field>
            <field name="groups" eval="[(4, ref('group_school_administration'))]"/>
        </record>

        <!-- Rule For Student Record As A Teacher -->

        <record id="rule_student_profile_record_as_teacher" model="ir.rule">
            <field name="name">Rule Student Profile Record As A Teacher</field>
            <field name="model_id" ref="model_school_students"/>
            <field name="global" eval="True"/>
            <field name="domain_force">[('school_id','=',user.company_id.id)]</field>
            <field name="groups" eval="[(4, ref('group_school_teacher'))]"/>
        </record>

        <!-- Rule For School Standard Record As An Administrator -->

        <record id="rule_school_standard_record_as_admin" model="ir.rule">
            <field name="name">Rule School Standard Record As An Administrator</field>
            <field name="model_id" ref="model_school_standard"/>
            <field name="global" eval="True"/>
            <field name="domain_force"> ['|','|',('school_id.child_ids','child_of',[user.company_id.id]),('school_id','child_of',[user.company_id.id]),('school_id','in',False)]</field>
            <field name="groups" eval="[(4, ref('group_school_administration'))]"/>
        </record>

        <!-- Record Rule teacher can see standards related to school -->
        <record id="rule_school_standard_teacher" model="ir.rule">
            <field name="name">Teacher School Standard Record Rule</field>
            <field name="model_id" ref="model_school_standard"/>
            <field name="global" eval="True"/>
            <field name="domain_force">[('school_id.id','=',user.company_id.id)]</field>
            <field name="groups" eval="[(4, ref('group_school_teacher'))]"/>
        </record>

       <record id="rule_personal_school_teacher" model="ir.rule">
           <field name="name">Rule Personal teacher Record</field>
           <field name="model_id" ref="model_school_teacher"/>
           <field name="domain_force">[('employee_id.user_id.id', '=', user.id)]</field>
           <field name="groups" eval="[(4, ref('group_school_teacher'))]"/>
       </record>

    </data>
</odoo>
